TARIFARIO 2025,,,,,,,,,,,,
ID,DESTINO,ESTADO,KM,1.TON,1.5 TON,3.5 TON,5.5 TON,RABON (30 M3),TORTON (50 M3),MUDANZA (80 M3),"TRAILER 48"" PIES (98 M3)","TRAILER 53"" PIES (110 M3)"
1,Servicio Local,MEX,50," $2,373.77 "," $2,738.97 "," $3,897.33 "," $4,111.68 "," $4,853.19 "," $5,594.70 "," $7,292.07 "," $8,480.98 "," $8,785.63 "
1.1,Reynosa,TAMPS,50," $2,373.77 "," $2,738.97 "," $3,897.33 "," $4,111.68 "," $4,853.19 "," $5,594.70 "," $7,292.07 "," $8,480.98 "," $8,785.63 "
2,Tizayuca,HGO,55," $2,693.86 "," $3,108.30 "," $4,587.72 "," $4,840.05 "," $5,531.80 "," $6,223.55 "," $7,859.37 "," $9,140.78 "," $9,469.12 "
3,Zumpango  de Ocampo ,MEX,60," $2,884.39 "," $3,328.14 "," $4,622.84 "," $4,877.10 "," $5,751.61 "," $6,626.12 "," $8,629.41 "," $10,036.37 "," $10,396.88 "
4,Santiago Tiangistengo ,MEX,61," $2,887.36 "," $3,331.57 "," $4,626.44 "," $4,880.89 "," $5,962.90 "," $7,044.90 "," $9,463.36 "," $11,006.29 "," $11,401.64 "
5,Calpulalpan ,TLAX,65," $2,932.83 "," $3,384.03 "," $4,697.95 "," $4,956.34 "," $6,140.35 "," $7,324.36 "," $9,950.78 "," $11,573.17 "," $11,988.89 "
6,Huehuetoca,MEX,69," $2,983.53 "," $3,442.53 "," $4,753.93 "," $5,015.40 "," $6,264.07 "," $7,512.74 "," $10,271.55 "," $11,946.25 "," $12,375.36 "
7,Tequixquiac,MEX,71," $2,998.95 "," $3,460.33 "," $5,237.64 "," $5,525.71 "," $6,738.10 "," $7,950.49 "," $10,663.34 "," $12,401.92 "," $12,847.40 "
8,Toluca,MEX,71," $3,173.46 "," $3,661.69 "," $5,080.10 "," $5,359.50 "," $6,444.95 "," $7,530.39 "," $9,980.69 "," $11,607.96 "," $12,024.92 "
9,Villa de Tezontepec,MEX,75," $3,012.13 "," $3,475.54 "," $5,253.93 "," $5,542.90 "," $6,963.10 "," $8,383.30 "," $11,512.66 "," $13,389.71 "," $13,870.68 "
10,Cuernavaca,MOR,89," $4,495.92 "," $5,187.60 "," $6,526.72 "," $6,271.12 "," $7,708.76 "," $9,146.39 "," $12,348.59 "," $14,361.93 "," $14,877.82 "
11,Calimaya ,MEX,90," $3,347.35 "," $3,862.33 "," $5,664.87 "," $5,976.44 "," $7,509.49 "," $9,042.54 "," $12,420.21 "," $14,445.23 "," $14,964.11 "
12,Tula,HGO,94," $3,524.25 "," $4,066.44 "," $5,849.34 "," $6,171.05 "," $7,548.97 "," $8,926.89 "," $12,004.45 "," $13,961.68 "," $14,463.19 "
13,San Martin Texmelucan ,PUE,95," $4,411.58 "," $5,090.28 "," $5,664.65 "," $5,976.20 "," $7,520.65 "," $9,065.10 "," $12,465.56 "," $14,497.97 "," $15,018.75 "
14,Cd Sahagun,HGO,95," $3,499.76 "," $4,038.18 "," $5,608.89 "," $5,917.38 "," $7,543.48 "," $9,169.58 "," $12,730.27 "," $14,805.84 "," $15,337.68 "
15,Temoaya ,MEX,97," $3,532.66 "," $4,076.15 "," $6,026.31 "," $6,357.75 "," $7,918.86 "," $9,479.96 "," $12,933.62 "," $15,042.34 "," $15,582.67 "
16,Pachuca,HGO,97," $3,499.06 "," $4,037.38 "," $5,615.59 "," $5,924.45 "," $7,798.01 "," $9,671.58 "," $13,727.56 "," $15,965.73 "," $16,539.23 "
17,Yautepec,MOR,99," $4,317.65 "," $4,981.90 "," $5,598.01 "," $5,905.90 "," $7,656.82 "," $9,407.75 "," $13,217.49 "," $15,372.50 "," $15,924.68 "
18,Ocuilan de Arteaga (chalma),MEX,103," $3,601.13 "," $4,155.15 "," $6,091.85 "," $6,426.90 "," $8,107.89 "," $9,788.88 "," $13,485.91 "," $15,684.68 "," $16,248.09 "
19,Tlaxco ,TLAX,120," $4,256.51 "," $4,911.36 "," $6,716.25 "," $7,085.64 "," $8,350.79 "," $9,615.94 "," $12,515.63 "," $14,556.21 "," $15,079.08 "
20,Cuautla,MOR,120," $4,843.72 "," $5,588.91 "," $6,564.83 "," $6,925.90 "," $8,661.82 "," $10,397.75 "," $14,230.67 "," $16,550.87 "," $17,145.38 "
21,Tenancingo ,MEX,120," $3,992.31 "," $4,606.51 "," $7,125.51 "," $7,517.41 "," $9,081.05 "," $10,644.69 "," $14,163.87 "," $16,473.18 "," $17,064.90 "
22,Progreso de Obregon ,HGO,124," $4,172.97 "," $4,814.96 "," $6,926.23 "," $7,307.18 "," $9,224.85 "," $11,142.52 "," $15,358.81 "," $17,862.95 "," $18,504.59 "
23,Tlaxcala,TLAX,124," $4,453.59 "," $5,138.76 "," $6,960.46 "," $7,343.28 "," $8,642.31 "," $9,941.35 "," $12,922.23 "," $15,029.10 "," $15,568.96 "
24,Tulancingo,HGO,125," $4,208.13 "," $4,855.53 "," $6,984.58 "," $7,368.73 "," $9,294.44 "," $11,220.15 "," $15,455.72 "," $17,975.65 "," $18,621.35 "
25,Cholula,PUE,125," $5,234.72 "," $6,040.06 "," $7,136.79 "," $7,529.31 "," $8,841.07 "," $10,152.84 "," $13,168.89 "," $15,315.98 "," $15,866.14 "
26,Huasca de Ocampo ,HGO,125," $4,229.73 "," $4,880.46 "," $7,020.45 "," $7,406.57 "," $9,336.22 "," $11,265.86 "," $15,511.27 "," $18,040.26 "," $18,688.28 "
27,Atotonilco el Grande ,HGO,128," $4,319.85 "," $4,984.44 "," $7,170.01 "," $7,564.36 "," $9,515.74 "," $11,467.12 "," $15,764.23 "," $18,334.46 "," $18,993.04 "
28,Puebla,PUE,130," $5,406.38 "," $6,238.13 "," $7,417.25 "," $7,825.19 "," $8,776.22 "," $9,727.25 "," $12,037.25 "," $13,999.83 "," $14,502.71 "
29,Acambay,MEX,132," $4,450.62 "," $5,135.33 "," $7,847.59 "," $8,279.21 "," $9,719.60 "," $11,160.00 "," $14,472.40 "," $16,832.02 "," $17,436.63 "
30,Miacatlan,MOR,133," $5,329.87 "," $6,149.85 "," $7,292.61 "," $7,693.70 "," $9,540.55 "," $11,387.40 "," $15,482.19 "," $18,006.44 "," $18,653.24 "
31,Teolocholco ,TLAX,140," $4,919.87 "," $5,676.77 "," $7,655.84 "," $8,076.91 "," $9,535.57 "," $10,994.23 "," $14,332.63 "," $16,669.45 "," $17,268.23 "
32,Villa de Allende ,MEX,141," $4,558.58 "," $5,259.90 "," $8,016.22 "," $8,457.12 "," $10,009.50 "," $11,561.89 "," $15,107.55 "," $17,570.72 "," $18,201.87 "
33,Atlacomulco ,MEX,144," $4,657.12 "," $5,373.60 "," $8,189.49 "," $8,639.91 "," $10,221.86 "," $11,803.81 "," $15,418.14 "," $17,931.94 "," $18,576.07 "
34,Apizaco,TLAX,144," $5,050.59 "," $5,827.60 "," $7,851.24 "," $8,283.06 "," $9,967.18 "," $11,651.29 "," $15,451.34 "," $17,970.56 "," $18,616.07 "
35,Valle de Bravo ,MEX,147," $4,749.28 "," $5,479.94 "," $8,351.57 "," $8,810.90 "," $10,419.60 "," $12,028.31 "," $15,705.05 "," $18,265.63 "," $18,921.74 "
36,Atlixco ,PUE,150," $6,006.65 "," $6,930.75 "," $8,521.43 "," $8,990.11 "," $10,009.44 "," $11,028.77 "," $13,536.10 "," $15,743.06 "," $16,308.56 "
37,Tepalcingo ,MOR,156," $5,812.49 "," $6,706.72 "," $8,287.84 "," $8,743.67 "," $10,959.06 "," $13,174.45 "," $18,061.07 "," $21,005.78 "," $21,760.32 "
38,San Juan Del R�o,QRO,162," $4,997.43 "," $5,766.26 "," $7,241.69 "," $7,639.98 "," $9,869.49 "," $12,099.01 "," $16,956.33 "," $19,720.93 "," $20,429.31 "
39,Ixmiquilpan,HGO,163," $4,977.27 "," $5,743.00 "," $8,256.52 "," $8,710.63 "," $11,283.61 "," $13,856.60 "," $19,456.67 "," $22,628.93 "," $23,441.77 "
40,Zacatlan ,PUE,165," $6,501.06 "," $7,501.22 "," $9,308.80 "," $9,820.79 "," $10,887.60 "," $11,954.41 "," $14,600.01 "," $16,980.43 "," $17,590.38 "
41,Tepeaca ,PUE,165," $6,526.73 "," $7,530.84 "," $9,351.22 "," $9,865.53 "," $10,915.29 "," $11,965.04 "," $14,578.86 "," $16,955.83 "," $17,564.89 "
42,Tejupilco,MEX,173," $5,194.90 "," $5,994.12 "," $8,725.17 "," $9,205.05 "," $11,035.91 "," $12,866.77 "," $17,008.38 "," $19,781.46 "," $20,492.02 "
43,Huahuchinango ,PUE,176," $6,894.65 "," $7,955.36 "," $9,959.06 "," $10,506.81 "," $11,361.41 "," $12,216.02 "," $14,472.98 "," $16,832.68 "," $17,437.32 "
44,Tecamachalco,PUE,178," $6,955.41 "," $8,025.47 "," $10,059.45 "," $10,612.72 "," $11,473.08 "," $12,333.43 "," $14,607.42 "," $16,989.04 "," $17,599.30 "
45,Tequisquiapan,QRO,182," $5,370.62 "," $6,196.87 "," $7,983.88 "," $8,422.99 "," $10,637.05 "," $12,851.11 "," $17,718.34 "," $20,607.18 "," $21,347.40 "
46,Rafael Lara Grajales ,PUE,182," $7,028.66 "," $8,109.99 "," $10,131.69 "," $10,688.94 "," $11,594.69 "," $12,500.44 "," $14,869.19 "," $17,293.49 "," $17,914.68 "
47,El Carmen Tequexquitla,TLAX,183," $5,574.50 "," $6,432.11 "," $8,034.96 "," $8,476.89 "," $10,490.07 "," $12,503.26 "," $16,971.55 "," $19,738.63 "," $20,447.65 "
48,Izucar de Matamoros ,PUE,183," $7,064.35 "," $8,151.17 "," $10,190.37 "," $10,750.84 "," $11,643.47 "," $12,536.10 "," $14,881.84 "," $17,308.20 "," $17,929.92 "
49,Taxco,GRO,185," $5,832.20 "," $6,729.46 "," $9,941.29 "," $10,488.06 "," $12,558.01 "," $14,627.97 "," $19,314.65 "," $22,463.75 "," $23,270.66 "
50,Amealco de Bonfil ,QRO,195," $5,757.23 "," $6,642.96 "," $8,630.59 "," $9,105.28 "," $11,428.04 "," $13,750.80 "," $18,871.00 "," $21,947.77 "," $22,736.14 "
51,San Salvador el Seco ,PUE,198," $7,570.09 "," $8,734.72 "," $11,021.93 "," $11,628.14 "," $12,469.80 "," $13,311.46 "," $15,600.98 "," $18,144.60 "," $18,796.36 "
52,Iguala,GRO,200," $6,289.76 "," $7,257.42 "," $10,721.23 "," $11,310.90 "," $13,497.49 "," $15,684.09 "," $20,646.94 "," $24,013.26 "," $24,875.83 "
53,Tlacotepec ,PUE,203," $7,709.50 "," $8,895.58 "," $11,179.76 "," $11,794.65 "," $12,679.15 "," $13,563.64 "," $15,947.52 "," $18,547.64 "," $19,213.88 "
"29,",Zimapan ,HGO,211," $6,230.88 "," $7,189.48 "," $10,673.00 "," $11,260.01 "," $13,829.72 "," $16,399.44 "," $22,125.88 "," $25,733.33 "," $26,657.69 "
55,Queretaro,QRO,213," $6,218.45 "," $7,175.13 "," $9,390.66 "," $9,907.14 "," $12,381.59 "," $14,856.03 "," $20,321.41 "," $23,634.66 "," $24,483.63 "
56,Tepexi de Rodriguez,PUE,227," $8,518.80 "," $9,829.39 "," $11,502.01 "," $12,134.62 "," $13,740.31 "," $15,346.01 "," $19,190.01 "," $22,318.79 "," $23,120.49 "
57,Santa Rosa de Jauregui,QRO,231," $6,730.59 "," $7,766.07 "," $10,129.44 "," $10,686.55 "," $13,341.70 "," $15,996.85 "," $21,864.26 "," $25,429.06 "," $26,342.48 "
58,Huitzuco ,GRO,231," $7,228.52 "," $8,340.60 "," $12,012.51 "," $12,673.19 "," $15,149.12 "," $17,625.04 "," $23,237.56 "," $27,026.27 "," $27,997.06 "
59,Apaseo el alto ,GTO,244," $7,833.97 "," $9,039.20 "," $11,468.55 "," $12,099.32 "," $14,657.40 "," $17,215.47 "," $22,962.39 "," $26,706.23 "," $27,665.53 "
60,Apaseo el Grande ,GTO,247," $7,895.00 "," $9,109.62 "," $11,569.00 "," $12,205.30 "," $14,782.71 "," $17,360.12 "," $23,151.23 "," $26,925.86 "," $27,893.05 "
61,Zacapoaxtla,PUE,251," $9,315.23 "," $10,748.34 "," $11,612.13 "," $12,250.80 "," $14,156.41 "," $16,062.02 "," $20,511.91 "," $23,856.21 "," $24,713.14 "
62,Tehuacan,PUE,251," $9,323.62 "," $10,758.02 "," $11,625.66 "," $12,265.07 "," $14,169.89 "," $16,074.70 "," $20,523.73 "," $23,869.97 "," $24,727.39 "
63,Perote ,VER,254," $9,105.01 "," $10,505.78 "," $12,501.03 "," $13,188.59 "," $15,379.57 "," $17,570.55 "," $22,640.08 "," $26,331.36 "," $27,277.20 "
64,San Jose Iturbide ,GTO,257," $8,184.33 "," $9,443.46 "," $12,045.26 "," $12,707.75 "," $15,370.82 "," $18,033.90 "," $24,022.54 "," $27,939.23 "," $28,942.82 "
65,Cd Mendoza,VER,261," $9,288.80 "," $10,717.85 "," $13,596.32 "," $14,344.12 "," $15,716.92 "," $17,089.71 "," $20,583.10 "," $23,939.02 "," $24,798.92 "
66,Celaya,GTO,263," $8,287.05 "," $9,561.98 "," $11,158.26 "," $11,771.96 "," $13,857.48 "," $15,942.99 "," $20,727.72 "," $24,107.21 "," $24,973.15 "
67,Poza Rica,VER,264," $9,389.31 "," $10,833.82 "," $13,746.64 "," $14,502.71 "," $15,888.20 "," $17,273.69 "," $20,800.74 "," $24,192.13 "," $25,061.13 "
68,San Miguel de Allende,GTO,267," $8,396.27 "," $9,688.00 "," $11,322.49 "," $11,945.22 "," $14,053.88 "," $16,162.53 "," $21,002.57 "," $24,426.88 "," $25,304.30 "
69,Orizaba,VER,268," $10,382.19 "," $11,979.45 "," $14,935.42 "," $15,756.87 "," $16,881.83 "," $18,006.79 "," $21,078.16 "," $24,514.79 "," $25,395.37 "
70,Acatlan de Osorio ,PUE,273," $9,747.83 "," $11,247.50 "," $12,406.82 "," $13,089.19 "," $14,939.08 "," $16,788.96 "," $21,171.11 "," $24,622.89 "," $25,507.36 "
71,Chilchotla,PUE,274," $9,778.23 "," $11,282.57 "," $12,456.12 "," $13,141.20 "," $14,993.04 "," $16,844.87 "," $21,233.62 "," $24,695.60 "," $25,582.68 "
72,Tihuatlan ,VER,275," $10,596.11 "," $12,226.28 "," $14,255.34 "," $15,039.39 "," $16,471.38 "," $17,903.37 "," $21,551.39 "," $25,065.17 "," $25,965.53 "
73,Teziutlan,PUE,275," $9,824.65 "," $11,336.14 "," $12,531.42 "," $13,220.64 "," $15,073.89 "," $16,927.14 "," $21,322.86 "," $24,799.39 "," $25,690.20 "
74,Tarimoro ,GTO,276," $8,638.77 "," $9,967.81 "," $11,687.15 "," $12,329.95 "," $14,487.60 "," $16,645.26 "," $21,603.36 "," $25,125.62 "," $26,028.14 "
75,Chilpancingo,GRO,277," $8,125.57 "," $9,375.66 "," $13,332.83 "," $14,066.14 "," $16,954.82 "," $19,843.49 "," $26,354.16 "," $30,651.00 "," $31,752.00 "
76,Cortazar ,GTO,279," $8,713.81 "," $10,054.40 "," $12,799.99 "," $13,503.99 "," $15,399.35 "," $17,294.70 "," $21,789.41 "," $25,342.00 "," $26,252.30 "
77,Papantla ,VER,285," $10,225.04 "," $11,798.12 "," $14,168.70 "," $14,947.98 "," $15,863.20 "," $16,778.42 "," $19,388.14 "," $22,549.22 "," $23,359.20 "
78,Jalacingo ,PUE,288," $10,089.40 "," $11,641.62 "," $13,853.53 "," $14,615.47 "," $16,212.25 "," $17,809.03 "," $21,764.54 "," $25,313.08 "," $26,222.34 "
79,Comonfort,GTO,289," $8,688.34 "," $10,025.01 "," $12,584.42 "," $13,276.56 "," $14,588.06 "," $15,899.55 "," $19,214.69 "," $22,347.49 "," $23,150.23 "
80,Cazones de Herrera ,VER,292," $10,422.24 "," $12,025.66 "," $14,451.27 "," $15,246.09 "," $16,178.85 "," $17,111.61 "," $19,771.96 "," $22,995.62 "," $23,821.64 "
81,Atempan ,PUE,292," $10,207.31 "," $11,777.67 "," $14,043.42 "," $14,815.81 "," $16,421.21 "," $18,026.62 "," $22,009.81 "," $25,598.34 "," $26,517.84 "
82,Tarimbaro ,MICH,293," $8,605.93 "," $9,929.92 "," $11,977.23 "," $12,635.97 "," $14,634.11 "," $16,632.24 "," $21,287.25 "," $24,757.97 "," $25,647.29 "
84,Tixtla ,GRO,294," $8,368.01 "," $9,655.40 "," $13,085.08 "," $13,804.76 "," $15,698.92 "," $17,593.08 "," $22,101.08 "," $25,704.49 "," $26,627.81 "
83,Cordoba,VER,294," $10,460.78 "," $12,070.13 "," $14,506.50 "," $15,304.36 "," $16,241.05 "," $17,177.74 "," $19,848.97 "," $23,085.19 "," $23,914.42 "
85,San Luis de la Paz,GTO,298," $8,822.69 "," $10,180.03 "," $12,915.42 "," $13,625.77 "," $14,968.15 "," $16,310.54 "," $19,705.66 "," $22,918.51 "," $23,741.75 "
86,Salamanca,GTO,299," $8,840.79 "," $10,200.91 "," $12,942.51 "," $13,654.35 "," $14,999.55 "," $16,344.76 "," $19,747.01 "," $22,966.61 "," $23,791.58 "
87,Jalapa,VER,301," $12,063.12 "," $13,918.98 "," $15,828.26 "," $16,698.82 "," $17,064.31 "," $17,429.81 "," $19,031.36 "," $22,134.27 "," $22,929.34 "
88,Cd. Altamirano,GRO,301," $8,553.19 "," $9,869.06 "," $12,943.64 "," $13,655.54 "," $15,694.14 "," $17,732.73 "," $22,521.83 "," $26,193.83 "," $27,134.73 "
89,Huandacareo ,MICH,301," $8,760.64 "," $10,108.43 "," $12,234.02 "," $12,906.89 "," $14,926.02 "," $16,945.14 "," $21,656.26 "," $25,187.15 "," $26,091.88 "
90,Tuxpam,VER,302," $11,821.16 "," $13,639.80 "," $15,190.18 "," $16,025.64 "," $16,234.32 "," $16,442.99 "," $17,695.81 "," $20,580.97 "," $21,320.25 "
91,Morelia,MICH,305," $8,756.38 "," $10,103.51 "," $11,100.60 "," $11,711.13 "," $12,751.60 "," $13,792.08 "," $16,483.56 "," $19,171.08 "," $19,859.71 "
92,Dolores Hidalgo ,GTO,307," $8,471.42 "," $9,774.72 "," $12,030.79 "," $12,692.49 "," $14,089.06 "," $15,485.63 "," $18,940.46 "," $22,028.56 "," $22,819.83 "
93,Zongolica ,VER,308," $11,970.56 "," $13,812.19 "," $15,390.30 "," $16,236.77 "," $16,456.07 "," $16,675.37 "," $17,960.44 "," $20,888.75 "," $21,639.08 "
94,Alamo ,VER,308," $11,969.05 "," $13,810.44 "," $16,388.27 "," $17,289.62 "," $17,231.16 "," $17,172.70 "," $17,957.13 "," $20,884.90 "," $21,635.10 "
95,Uriangato ,GTO,308," $8,498.05 "," $9,805.44 "," $12,069.41 "," $12,733.23 "," $14,030.46 "," $15,327.69 "," $18,585.97 "," $21,616.27 "," $22,392.74 "
96,Dolores Hidalgo,GTO,311," $8,102.83 "," $9,349.42 "," $13,214.87 "," $13,941.69 "," $14,776.18 "," $15,610.67 "," $18,006.46 "," $20,942.28 "," $21,694.53 "
97,Coatepec,VER,314," $12,142.20 "," $14,010.23 "," $16,620.18 "," $17,534.29 "," $17,694.34 "," $17,854.39 "," $19,088.59 "," $22,200.83 "," $22,998.30 "
98,Irapuato,GTO,316," $8,322.40 "," $9,602.77 "," $13,030.43 "," $13,747.10 "," $14,734.49 "," $15,721.88 "," $18,413.34 "," $21,415.49 "," $22,184.74 "
99,Gutierrez Zamora ,VER,320," $11,878.22 "," $13,705.64 "," $16,813.78 "," $17,738.53 "," $17,570.73 "," $17,402.92 "," $17,992.06 "," $20,925.53 "," $21,677.19 "
100,Paso del Macho,VER,323," $11,964.20 "," $13,804.85 "," $16,934.55 "," $17,865.95 "," $17,557.22 "," $17,248.50 "," $17,562.45 "," $20,425.87 "," $21,159.58 "
101,Coeneo,MICH,328," $9,152.45 "," $10,560.52 "," $11,613.92 "," $12,252.68 "," $13,598.08 "," $14,943.48 "," $18,273.04 "," $21,252.32 "," $22,015.71 "
102,Martinez de la Torre,VER,329," $12,552.83 "," $14,484.04 "," $17,152.66 "," $18,096.05 "," $17,941.21 "," $17,786.37 "," $18,420.08 "," $21,423.33 "," $22,192.86 "
103,Chilapa ,GRO,331," $9,244.21 "," $10,666.40 "," $13,980.11 "," $14,749.02 "," $16,789.27 "," $18,829.52 "," $23,678.92 "," $27,539.58 "," $28,528.82 "
104,Silao ,GTO,349," $8,986.78 "," $10,369.36 "," $13,602.66 "," $14,350.81 "," $15,316.86 "," $16,282.91 "," $18,963.16 "," $22,054.95 "," $22,847.18 "
105,Santa Maria del Rio ,SLP,353," $9,310.16 "," $10,742.49 "," $13,672.26 "," $14,424.23 "," $15,387.79 "," $16,351.35 "," $19,030.44 "," $22,133.21 "," $22,928.24 "
106,Paso de Ovejas,VER,357," $12,589.09 "," $14,525.87 "," $17,626.19 "," $18,595.63 "," $18,606.47 "," $18,617.31 "," $19,608.43 "," $22,805.43 "," $23,624.62 "
107,Huetamo ,MICH,357," $9,401.36 "," $10,847.72 "," $12,322.89 "," $13,000.65 "," $14,459.13 "," $15,917.60 "," $19,512.31 "," $22,693.64 "," $23,508.81 "
108,Tamazunchale ,SLP,357," $9,396.03 "," $10,841.57 "," $13,793.22 "," $14,551.85 "," $15,527.06 "," $16,502.28 "," $19,211.33 "," $22,343.59 "," $23,146.18 "
109,Guanajuato,GTO,361," $9,068.59 "," $10,463.76 "," $13,582.57 "," $14,329.61 "," $15,297.61 "," $16,265.61 "," $18,948.65 "," $22,038.08 "," $22,829.70 "
110,San Felipe ,GTO,362," $9,098.88 "," $10,498.71 "," $13,625.34 "," $14,374.73 "," $15,345.03 "," $16,315.33 "," $19,005.32 "," $22,103.99 "," $22,897.97 "
111,Huautla de Jimenez,OAX,379," $10,826.29 "," $12,491.87 "," $15,815.33 "," $16,685.17 "," $18,996.67 "," $21,308.17 "," $26,801.01 "," $31,170.71 "," $32,290.37 "
112,Medellin,VER,382," $12,775.69 "," $14,741.18 "," $17,437.26 "," $18,396.31 "," $18,563.53 "," $18,730.74 "," $20,024.21 "," $23,289.01 "," $24,125.56 "
113,Tierra Blanca,VER,383," $12,788.02 "," $14,755.41 "," $17,455.08 "," $18,415.10 "," $18,583.50 "," $18,751.89 "," $20,048.71 "," $23,317.49 "," $24,155.07 "
114,Leon,GTO,383," $9,371.99 "," $10,813.83 "," $13,961.65 "," $14,729.54 "," $15,828.10 "," $16,926.65 "," $19,891.66 "," $23,134.84 "," $23,965.85 "
115,Nochixtlan ,OAX,384," $10,718.59 "," $12,367.60 "," $15,869.20 "," $16,742.00 "," $18,954.82 "," $21,167.64 "," $26,466.08 "," $30,781.17 "," $31,886.85 "
116,Acapulco,GRO,390," $10,214.85 "," $11,786.37 "," $15,374.21 "," $16,219.79 "," $18,477.19 "," $20,734.59 "," $26,094.97 "," $30,349.56 "," $31,439.73 "
117,Ario de Rosales ,MICH,405," $10,210.67 "," $11,781.54 "," $13,608.46 "," $14,356.92 "," $15,769.78 "," $17,182.63 "," $20,756.81 "," $24,141.05 "," $25,008.21 "
118,Veracruz,VER,406," $13,029.49 "," $15,034.03 "," $18,229.25 "," $19,231.86 "," $19,367.07 "," $19,502.27 "," $20,775.29 "," $24,162.54 "," $25,030.47 "
119,San Luis Potosi,SLP,407," $10,396.99 "," $11,996.53 "," $14,821.02 "," $15,636.18 "," $16,699.35 "," $17,762.51 "," $20,704.01 "," $24,079.63 "," $24,944.59 "
120,San Francisco del Rincon,GTO,408," $9,876.91 "," $11,396.44 "," $14,088.35 "," $14,863.21 "," $15,938.63 "," $17,014.04 "," $19,939.73 "," $23,190.75 "," $24,023.77 "
121,Uruapan,MICH,414," $10,423.82 "," $12,027.49 "," $13,892.54 "," $14,656.63 "," $16,088.33 "," $17,520.04 "," $21,147.54 "," $24,595.48 "," $25,478.97 "
122,Tantoyuca ,VER,415," $13,243.80 "," $15,281.31 "," $18,548.14 "," $19,568.29 "," $19,713.78 "," $19,859.28 "," $21,170.41 "," $24,622.08 "," $25,506.52 "
123,Coyuca de Benitez,GRO,418," $10,737.28 "," $12,389.17 "," $15,777.10 "," $16,644.84 "," $18,801.26 "," $20,957.69 "," $26,138.28 "," $30,399.92 "," $31,491.90 "
124,Lagos de Moreno ,JAL ,425," $12,584.62 "," $14,520.72 "," $16,358.89 "," $17,258.63 "," $17,265.86 "," $17,273.09 "," $18,187.29 "," $21,152.58 "," $21,912.39 "
125,Zamora,MICH,426," $10,590.12 "," $12,219.37 "," $14,012.09 "," $14,782.75 "," $16,284.08 "," $17,785.40 "," $21,558.71 "," $25,073.69 "," $25,974.35 "
126,La Piedad,MICH,427," $10,612.38 "," $12,245.05 "," $14,041.54 "," $14,813.82 "," $16,317.17 "," $17,820.51 "," $21,599.48 "," $25,121.11 "," $26,023.47 "
127,Cosamaloapan ,VER,442," $13,790.96 "," $15,912.65 "," $18,691.96 "," $19,720.02 "," $19,917.43 "," $20,114.84 "," $21,537.72 "," $25,049.28 "," $25,949.06 "
128,Arandas,JAL,444," $12,133.88 "," $14,000.63 "," $16,135.35 "," $17,022.80 "," $17,149.32 "," $17,275.85 "," $18,416.34 "," $21,418.98 "," $22,188.36 "
129,Lombardia,MICH,446," $10,475.54 "," $12,087.16 "," $14,172.85 "," $14,952.36 "," $16,573.49 "," $18,194.63 "," $22,216.40 "," $25,838.61 "," $26,766.75 "
130,La Barca ,JAL,446," $12,173.75 "," $14,046.63 "," $16,191.17 "," $17,081.68 "," $17,209.90 "," $17,338.12 "," $18,485.08 "," $21,498.93 "," $22,271.18 "
131,Alvarado ,VER,447," $13,030.90 "," $15,035.65 "," $18,843.67 "," $19,880.07 "," $20,206.97 "," $20,533.87 "," $22,224.07 "," $25,847.53 "," $26,775.99 "
132,La Antigua,VER,449," $13,075.02 "," $15,086.56 "," $18,906.46 "," $19,946.31 "," $20,275.32 "," $20,604.34 "," $22,302.22 "," $25,938.42 "," $26,870.14 "
133,Tlapa de Comonfort,GRO,452," $11,336.57 "," $13,080.66 "," $16,477.62 "," $17,383.89 "," $19,324.19 "," $21,264.49 "," $26,051.35 "," $30,298.82 "," $31,387.17 "
134,San Julian ,JAL,452," $12,276.17 "," $14,164.81 "," $17,334.57 "," $18,287.97 "," $18,144.62 "," $18,001.27 "," $18,667.98 "," $21,711.64 "," $22,491.54 "
136,Oaxaca,OAX,468," $12,124.54 "," $13,989.85 "," $16,428.53 "," $17,332.10 "," $20,664.99 "," $23,997.89 "," $31,567.25 "," $36,714.04 "," $38,032.83 "
137,Atoyac de Alvarez,GRO,470," $11,653.78 "," $13,446.67 "," $16,707.96 "," $17,626.90 "," $19,753.37 "," $21,879.84 "," $27,051.72 "," $31,462.29 "," $32,592.43 "
138,Ocotlan ,JAL,471," $12,466.81 "," $14,384.78 "," $17,796.67 "," $18,775.49 "," $18,493.68 "," $18,211.87 "," $18,627.06 "," $21,664.06 "," $22,442.24 "
139,Ayotlan ,JAL,472," $12,479.88 "," $14,399.86 "," $17,815.25 "," $18,795.09 "," $18,513.99 "," $18,232.88 "," $18,650.52 "," $21,691.34 "," $22,470.51 "
140,Cruz Grande,GRO,478," $11,848.85 "," $13,671.75 "," $16,970.89 "," $17,904.29 "," $20,328.06 "," $22,751.83 "," $28,532.77 "," $33,184.82 "," $34,376.83 "
141,Tecpan de galeana ,GRO,489," $11,731.34 "," $13,536.16 "," $17,142.33 "," $18,085.16 "," $21,313.67 "," $24,542.18 "," $31,942.03 "," $37,149.92 "," $38,484.37 "
142,Apatzingan,MICH,496," $10,984.72 "," $12,674.68 "," $15,199.46 "," $16,035.43 "," $17,824.53 "," $19,613.62 "," $24,027.79 "," $27,945.33 "," $28,949.14 "
143,Zimatlan ,OAX,497," $12,599.07 "," $14,537.39 "," $17,264.22 "," $18,213.75 "," $21,595.13 "," $24,976.52 "," $32,688.83 "," $38,018.48 "," $39,384.13 "
144,Sahuayo ,MICH,497," $11,008.99 "," $12,702.68 "," $15,233.04 "," $16,070.86 "," $17,862.16 "," $19,653.45 "," $24,073.86 "," $27,998.91 "," $29,004.65 "
145,Tampico,TAMPS,499," $11,600.78 "," $13,385.51 "," $14,690.94 "," $15,498.94 "," $18,907.89 "," $22,316.84 "," $29,942.74 "," $34,824.67 "," $36,075.59 "
146,Ocotlan ,OAX,504," $12,571.49 "," $14,505.57 "," $17,373.23 "," $18,328.75 "," $21,770.85 "," $25,212.95 "," $33,052.67 "," $38,441.65 "," $39,822.50 "
147,Aguascalientes,AGS,506," $9,513.68 "," $10,977.32 "," $12,528.02 "," $13,217.06 "," $14,722.71 "," $16,228.36 "," $19,928.70 "," $23,177.91 "," $24,010.48 "
148,Marquelia ,GRO,518," $12,216.05 "," $14,095.44 "," $17,783.91 "," $18,762.03 "," $21,904.17 "," $25,046.31 "," $32,308.70 "," $37,576.38 "," $38,926.15 "
149,San Luis la Loma ,GRO,518," $12,218.93 "," $14,098.76 "," $17,787.87 "," $18,766.20 "," $21,908.15 "," $25,050.10 "," $32,312.33 "," $37,580.61 "," $38,930.52 "
150,San Andres Tuxtla,VER,522," $14,632.84 "," $16,884.05 "," $19,644.96 "," $20,725.44 "," $21,172.32 "," $21,619.20 "," $23,593.43 "," $27,440.16 "," $28,425.82 "
151,Putla de Guerrero,OAX,523," $12,953.05 "," $14,945.83 "," $17,868.80 "," $18,851.58 "," $22,428.85 "," $26,006.11 "," $34,143.42 "," $39,710.24 "," $41,136.66 "
152,San Francisco de los Romo,AGS,524," $9,769.60 "," $11,272.62 "," $12,979.81 "," $13,693.70 "," $15,173.05 "," $16,652.41 "," $20,325.01 "," $23,638.84 "," $24,487.96 "
153,Zapotlanejo,JAL,524," $12,836.12 "," $14,810.91 "," $17,940.42 "," $18,927.15 "," $18,728.07 "," $18,528.99 "," $19,117.55 "," $22,234.51 "," $23,033.19 "
154,Altamira,TAMPS,524," $11,645.83 "," $13,437.50 "," $15,259.29 "," $16,098.55 "," $19,582.52 "," $23,066.50 "," $30,873.70 "," $35,907.41 "," $37,197.23 "
155,Catemaco ,VER,535," $14,768.55 "," $17,040.63 "," $19,347.30 "," $20,411.40 "," $20,935.06 "," $21,458.72 "," $23,570.15 "," $27,413.08 "," $28,397.77 "
156,Chapala ,JAL,538," $13,077.50 "," $15,089.42 "," $17,299.55 "," $18,251.02 "," $18,327.03 "," $18,403.03 "," $19,506.52 "," $22,686.91 "," $23,501.83 "
157,Acayucan ,VER,539," $14,853.51 "," $17,138.67 "," $19,461.44 "," $20,531.82 "," $21,059.84 "," $21,587.86 "," $23,714.28 "," $27,580.71 "," $28,571.42 "
158,Guadalajara,JAL,541," $12,987.13 "," $14,985.15 "," $17,324.96 "," $18,277.84 "," $18,386.14 "," $18,494.45 "," $19,663.94 "," $22,869.99 "," $23,691.49 "
159,Rincon de Romos ,AGS,546," $9,607.35 "," $11,085.40 "," $13,452.05 "," $14,191.91 "," $15,553.56 "," $16,915.22 "," $20,378.39 "," $23,700.92 "," $24,552.27 "
160,Zapopan ,JAL,550," $12,982.42 "," $14,979.72 "," $17,317.88 "," $18,270.36 "," $18,524.50 "," $18,778.65 "," $20,239.41 "," $23,539.29 "," $24,384.84 "
161,Jaltipan,VER,556," $15,229.93 "," $17,573.00 "," $19,967.13 "," $21,065.32 "," $21,405.37 "," $21,745.41 "," $23,523.69 "," $27,359.04 "," $28,341.79 "
162,Azoyu ,GRO,556," $12,787.06 "," $14,754.30 "," $17,453.39 "," $18,413.32 "," $21,646.52 "," $24,879.71 "," $32,306.04 "," $37,573.29 "," $38,922.94 "
163,Jaltipan ,VER,559," $16,156.22 "," $18,641.79 "," $20,047.21 "," $21,149.81 "," $21,700.51 "," $22,251.21 "," $24,455.21 "," $28,442.45 "," $29,464.11 "
164,Tlajomulco de Zu�iga ,JAL,568," $12,973.00 "," $14,968.85 "," $18,303.71 "," $19,310.41 "," $19,312.21 "," $19,314.00 "," $20,324.29 "," $23,638.00 "," $24,487.09 "
165,Minatitlan,VER,579," $16,504.13 "," $19,043.23 "," $20,044.76 "," $21,147.22 "," $21,729.48 "," $22,311.74 "," $24,578.72 "," $28,586.09 "," $29,612.92 "
166,Petatlan ,GRO,582," $13,226.74 "," $15,261.62 "," $18,282.45 "," $19,287.99 "," $22,273.51 "," $25,259.04 "," $32,235.63 "," $37,491.39 "," $38,838.10 "
167,Cuajinicuilapa ,GRO,582," $13,225.73 "," $15,260.46 "," $18,281.15 "," $19,286.61 "," $22,271.85 "," $25,257.09 "," $32,233.03 "," $37,488.37 "," $38,834.97 "
168,Matehuala,SLP,584," $10,919.52 "," $12,599.45 "," $15,301.69 "," $16,143.29 "," $16,902.18 "," $17,661.08 "," $20,020.47 "," $23,284.65 "," $24,121.04 "
169,Coatzacoalcos,VER,601," $15,826.50 "," $18,261.35 "," $20,238.91 "," $21,352.05 "," $21,960.19 "," $22,568.34 "," $24,897.76 "," $28,957.15 "," $29,997.30 "
170,Tequila ,JAL,603," $13,833.07 "," $15,961.24 "," $18,768.28 "," $19,800.53 "," $19,863.20 "," $19,925.87 "," $21,083.46 "," $24,520.95 "," $25,401.75 "
171,Aldama ,TAMPS,610," $12,534.48 "," $14,462.86 "," $17,194.69 "," $18,140.40 "," $21,646.79 "," $25,153.18 "," $33,111.67 "," $38,510.27 "," $39,893.58 "
172,Zacatecas,ZAC,631," $14,615.33 "," $16,863.84 "," $18,662.79 "," $19,689.24 "," $21,214.44 "," $22,739.63 "," $26,816.47 "," $31,188.69 "," $32,309.00 "
173,Pinotepa Nacional,OAX,635," $15,219.12 "," $17,560.52 "," $20,068.12 "," $21,171.87 "," $25,440.76 "," $29,709.65 "," $39,351.17 "," $45,767.07 "," $47,411.05 "
174,La Mira ,MICH,638," $13,838.86 "," $15,967.92 "," $18,896.16 "," $19,935.45 "," $22,514.38 "," $25,093.31 "," $31,290.47 "," $36,392.13 "," $37,699.36 "
175,La Choapas,VER,640," $16,603.06 "," $19,157.38 "," $21,956.62 "," $23,164.24 "," $23,549.33 "," $23,934.42 "," $25,912.22 "," $30,137.01 "," $31,219.54 "
135,Cd. Valles,SLP,642," $11,628.65 "," $13,417.67 "," $16,746.73 "," $17,667.80 "," $18,359.14 "," $19,050.48 "," $21,354.24 "," $24,835.88 "," $25,727.99 "
176,Tapalpa ,JAL,646," $14,089.85 "," $16,257.52 "," $18,822.66 "," $19,857.91 "," $20,193.07 "," $20,528.22 "," $22,233.79 "," $25,858.83 "," $26,787.70 "
177,Lazaro Cardenas,MICH,655," $13,880.61 "," $16,016.09 "," $19,135.20 "," $20,187.63 "," $22,759.72 "," $25,331.81 "," $31,528.43 "," $36,668.89 "," $37,986.05 "
178,Zihuatanejo,GRO,660," $14,482.50 "," $16,710.58 "," $19,092.25 "," $20,142.32 "," $23,828.25 "," $27,514.17 "," $35,936.09 "," $41,795.19 "," $43,296.49 "
179,Cd. Guzman,JAL,663," $14,424.65 "," $16,643.83 "," $18,229.51 "," $19,232.14 "," $19,815.06 "," $20,397.98 "," $22,566.45 "," $26,245.74 "," $27,188.50 "
180,Jamiltepec,OAX,667," $15,849.16 "," $18,287.49 "," $21,867.27 "," $23,069.97 "," $27,258.51 "," $31,447.05 "," $41,026.84 "," $47,715.95 "," $49,429.93 "
181,Matias Romero,OAX,668," $15,871.70 "," $18,313.50 "," $21,900.58 "," $23,105.11 "," $27,297.62 "," $31,490.13 "," $41,079.68 "," $47,777.40 "," $49,493.59 "
182,Jerez,ZAC,686," $12,764.96 "," $14,728.80 "," $18,437.36 "," $19,451.42 "," $21,472.91 "," $23,494.40 "," $28,551.43 "," $33,206.51 "," $34,399.31 "
183,Fresnillo,ZAC,690," $15,434.32 "," $17,808.83 "," $20,140.80 "," $21,248.54 "," $22,832.33 "," $24,416.12 "," $28,691.45 "," $33,369.37 "," $34,568.01 "
184,Union de Tula ,JAL,690," $14,730.37 "," $16,996.58 "," $18,919.37 "," $19,959.94 "," $20,555.33 "," $21,150.72 "," $23,382.06 "," $27,194.32 "," $28,171.16 "
185,Cardenas,TAB,701," $14,795.27 "," $17,071.46 "," $21,312.86 "," $22,485.07 "," $23,915.27 "," $25,345.47 "," $29,378.09 "," $34,167.95 "," $35,395.28 "
186,Xicotencatl ,TAMPS,709," $13,082.28 "," $15,094.94 "," $18,104.38 "," $19,100.12 "," $22,634.83 "," $26,169.54 "," $34,234.70 "," $39,816.40 "," $41,246.62 "
187,Cd. Victoria,TAMPS,719," $14,096.03 "," $16,264.65 "," $19,276.98 "," $20,337.22 "," $23,844.42 "," $27,351.63 "," $35,426.28 "," $41,202.26 "," $42,682.26 "
188,Huimanguillo ,TAB,721," $15,157.92 "," $17,489.91 "," $21,324.52 "," $22,497.37 "," $24,093.50 "," $25,689.64 "," $30,054.76 "," $34,954.95 "," $36,210.56 "
189,Cunduacan ,TAB,725," $15,238.21 "," $17,582.55 "," $21,440.65 "," $22,619.89 "," $24,221.97 "," $25,824.05 "," $30,207.46 "," $35,132.55 "," $36,394.53 "
190,Autlan de Navarro,JAL,726," $15,154.89 "," $17,486.41 "," $18,776.49 "," $19,809.20 "," $20,620.36 "," $21,431.52 "," $24,086.54 "," $28,013.66 "," $29,019.93 "
191,Colima,COL,731," $16,985.96 "," $19,599.18 "," $22,158.01 "," $23,376.70 "," $27,923.04 "," $32,469.39 "," $42,780.76 "," $49,755.83 "," $51,543.08 "
192,Juchitan,OAX,733," $16,547.92 "," $19,093.75 "," $22,616.38 "," $23,860.28 "," $28,379.57 "," $32,898.86 "," $43,181.34 "," $50,221.72 "," $52,025.71 "
193,Comalcalco,TAB,739," $15,516.96 "," $17,904.19 "," $21,843.83 "," $23,045.24 "," $24,761.17 "," $26,477.09 "," $31,110.34 "," $36,182.64 "," $37,482.34 "
194,Ixtepec,OAX,741," $17,575.74 "," $20,279.70 "," $22,848.81 "," $24,105.50 "," $28,802.52 "," $33,499.55 "," $44,150.30 "," $51,348.66 "," $53,193.13 "
195,Compostela,NAY,743," $17,034.67 "," $19,655.39 "," $21,177.45 "," $22,342.21 "," $26,797.73 "," $31,253.25 "," $41,329.06 "," $48,067.43 "," $49,794.04 "
196,Tepic,NAY,743," $17,031.50 "," $19,651.73 "," $21,172.66 "," $22,337.16 "," $26,793.12 "," $31,249.08 "," $41,325.49 "," $48,063.29 "," $49,789.75 "
197,Reforma ,TAB,744," $15,189.33 "," $17,526.15 "," $21,886.61 "," $23,090.38 "," $24,834.30 "," $26,578.22 "," $31,269.82 "," $36,368.12 "," $37,674.48 "
198,Jalpa de Mendez,TAB,747," $15,235.55 "," $17,579.48 "," $21,955.03 "," $23,162.55 "," $24,910.47 "," $26,658.38 "," $31,361.73 "," $36,475.02 "," $37,785.22 "
199,Villahermosa,TAB,750," $15,095.49 "," $17,417.87 "," $22,005.71 "," $23,216.03 "," $24,932.86 "," $26,649.69 "," $31,293.67 "," $36,395.86 "," $37,703.22 "
200,Parrilla ,TAB,763," $15,010.30 "," $17,319.58 "," $21,593.38 "," $22,781.02 "," $24,653.84 "," $26,526.67 "," $31,459.96 "," $36,589.26 "," $37,903.57 "
201,Putla ,OAX,766," $17,809.39 "," $20,549.30 "," $23,302.62 "," $24,584.26 "," $29,593.25 "," $34,602.25 "," $45,901.88 "," $53,385.83 "," $55,303.47 "
202,Tehuantepec,OAX,774," $18,672.04 "," $21,544.66 "," $24,356.44 "," $25,696.04 "," $30,484.06 "," $35,272.07 "," $46,187.70 "," $53,718.24 "," $55,647.83 "
203,Rio Grande ,ZAC,775," $16,075.87 "," $18,549.08 "," $21,609.83 "," $22,798.37 "," $24,367.98 "," $25,937.59 "," $30,265.34 "," $35,199.87 "," $36,464.27 "
204,Puerto Escondido,OAX,775," $18,664.00 "," $21,535.39 "," $24,369.67 "," $25,710.00 "," $30,506.74 "," $35,303.47 "," $46,237.28 "," $53,775.91 "," $55,707.57 "
205,Tecoman,COL,779," $17,756.79 "," $20,488.60 "," $23,051.48 "," $24,319.32 "," $29,220.57 "," $34,121.82 "," $45,192.16 "," $52,560.39 "," $54,448.39 "
206,Armeria ,COL,784," $18,672.59 "," $21,545.30 "," $24,011.54 "," $25,332.18 "," $29,983.14 "," $34,634.10 "," $45,256.65 "," $52,635.39 "," $54,526.08 "
207,La Pe�ita ,NAY,796," $17,580.45 "," $20,285.14 "," $22,215.18 "," $23,437.02 "," $28,281.07 "," $33,125.12 "," $44,035.06 "," $51,214.63 "," $53,054.29 "
208,Santiago Ixcuintla,NAY,799," $18,443.80 "," $21,281.31 "," $23,210.10 "," $24,486.65 "," $29,055.02 "," $33,623.39 "," $44,036.68 "," $51,216.52 "," $53,056.25 "
209,Salina Cruz,OAX,801," $19,865.75 "," $22,922.02 "," $25,994.11 "," $27,423.78 "," $32,038.88 "," $36,653.97 "," $47,313.84 "," $55,027.99 "," $57,004.63 "
210,Macuspana,TAB,802," $16,154.96 "," $18,640.34 "," $22,465.15 "," $23,700.74 "," $25,542.23 "," $27,383.72 "," $32,302.28 "," $37,568.91 "," $38,918.41 "
211,San Blas,NAY,807," $19,300.52 "," $22,269.83 "," $24,113.71 "," $25,439.96 "," $29,794.26 "," $34,148.56 "," $44,183.42 "," $51,387.18 "," $53,233.03 "
212,San Pedro Tapanatepec ,OAX,811," $19,825.20 "," $22,875.23 "," $25,715.59 "," $27,129.95 "," $31,926.19 "," $36,722.42 "," $47,729.26 "," $55,511.14 "," $57,505.13 "
213,Tuxpan,NAY,820," $20,201.25 "," $23,309.13 "," $25,943.17 "," $27,370.04 "," $31,304.31 "," $35,238.58 "," $44,533.99 "," $51,794.91 "," $53,655.41 "
214,Frontera,TAB,829," $16,396.20 "," $18,918.69 "," $22,538.63 "," $23,778.25 "," $25,690.60 "," $27,602.94 "," $32,667.25 "," $37,993.39 "," $39,358.14 "
215,Manzanillo,COL,836," $18,781.89 "," $21,671.41 "," $24,501.15 "," $25,848.71 "," $30,586.06 "," $35,323.40 "," $46,145.66 "," $53,669.35 "," $55,597.18 "
216,Tuxtla Guti�rrez,CHIS,840," $17,650.44 "," $20,365.89 "," $23,861.50 "," $25,173.89 "," $28,415.73 "," $31,657.57 "," $39,453.64 "," $45,886.25 "," $47,534.51 "
217,Saltillo,COAH,843," $19,728.36 "," $22,763.49 "," $25,355.49 "," $26,750.04 "," $28,249.38 "," $29,748.71 "," $34,141.92 "," $39,708.50 "," $41,134.85 "
218,Pochutla,OAX,844," $20,203.67 "," $23,311.93 "," $25,837.20 "," $27,258.25 "," $32,742.58 "," $38,226.91 "," $50,616.62 "," $58,869.27 "," $60,983.88 "
219,Ramos Arizpe,COAH,849," $19,824.41 "," $22,874.32 "," $25,516.51 "," $26,919.92 "," $28,426.25 "," $29,932.59 "," $34,348.67 "," $39,948.95 "," $41,383.94 "
220,Jiquipilas ,CHIS,860," $18,035.32 "," $20,809.98 "," $24,422.45 "," $25,765.68 "," $29,089.29 "," $32,412.90 "," $40,403.35 "," $46,990.79 "," $48,678.73 "
221,Chiapa de Corzo,CHIS,862," $18,011.57 "," $20,782.58 "," $24,391.17 "," $25,732.69 "," $29,082.42 "," $32,432.16 "," $40,473.15 "," $47,071.99 "," $48,762.84 "
222,Montemorelos,NL,869," $14,939.80 "," $17,238.23 "," $22,406.30 "," $23,638.65 "," $26,106.59 "," $28,574.53 "," $34,742.76 "," $40,407.29 "," $41,858.75 "
223,Puerto Vallarta,JAL,871," $15,776.70 "," $18,203.88 "," $21,097.35 "," $22,257.71 "," $23,575.70 "," $24,893.70 "," $28,690.05 "," $33,367.73 "," $34,566.32 "
224,Jonuta ,TAB,876," $16,610.90 "," $19,166.42 "," $23,277.59 "," $24,557.85 "," $26,893.15 "," $29,228.44 "," $35,179.29 "," $40,915.00 "," $42,384.68 "
225,Acala,CHIS,886," $18,421.23 "," $21,255.26 "," $24,771.56 "," $26,133.99 "," $29,578.14 "," $33,022.29 "," $41,273.02 "," $48,002.26 "," $49,726.53 "
226,Allende,NL,892," $15,235.64 "," $17,579.59 "," $23,280.24 "," $24,560.65 "," $26,924.77 "," $29,288.89 "," $35,297.55 "," $41,052.54 "," $42,527.17 "
227,Gudalupe Victoria ,DGO,893," $16,605.54 "," $19,160.24 "," $22,961.14 "," $24,224.01 "," $26,355.23 "," $28,486.46 "," $34,011.78 "," $39,557.14 "," $40,978.05 "
228,Monterrey,NL,893," $15,243.85 "," $17,589.06 "," $23,293.64 "," $24,574.80 "," $26,939.36 "," $29,303.92 "," $35,314.19 "," $41,071.90 "," $42,547.22 "
229,Palenque,CHIS,895," $18,587.69 "," $21,447.33 "," $25,006.46 "," $26,381.81 "," $29,847.28 "," $33,312.74 "," $41,619.02 "," $48,404.68 "," $50,143.40 "
230,San Fernando ,TAMPS,896," $15,281.56 "," $17,632.57 "," $21,355.23 "," $22,529.77 "," $26,029.57 "," $29,529.38 "," $37,703.52 "," $43,850.79 "," $45,425.93 "
231,Linares,NL,896," $15,284.71 "," $17,636.20 "," $23,360.36 "," $24,645.18 "," $27,012.51 "," $29,379.83 "," $35,399.31 "," $41,170.89 "," $42,649.77 "
232,Durango,DGO,901," $17,453.50 "," $20,138.65 "," $23,530.24 "," $24,824.40 "," $26,624.86 "," $28,425.32 "," $33,320.40 "," $38,753.03 "," $40,145.06 "
233,Yajalon,CHIS,907," $18,747.42 "," $21,631.64 "," $25,180.31 "," $26,565.23 "," $30,061.22 "," $33,557.21 "," $41,934.11 "," $48,771.13 "," $50,523.02 "
234,San Cristobal de las Casas,CHIS,908," $18,756.71 "," $21,642.36 "," $25,193.40 "," $26,579.04 "," $30,284.04 "," $33,989.04 "," $42,784.68 "," $49,760.39 "," $51,547.81 "
235,Venustiano Carranza ,CHIS,909," $18,771.90 "," $21,659.89 "," $25,214.80 "," $26,601.61 "," $30,516.00 "," $34,430.39 "," $43,645.97 "," $50,762.11 "," $52,585.51 "
236,Apodaca,NL,915," $15,520.28 "," $17,908.01 "," $23,783.76 "," $25,091.86 "," $27,360.13 "," $29,628.39 "," $35,473.02 "," $41,256.62 "," $42,738.58 "
237,Santiago,NL,915," $15,516.36 "," $17,903.49 "," $23,777.36 "," $25,085.11 "," $27,352.91 "," $29,620.72 "," $35,464.08 "," $41,246.22 "," $42,727.80 "
238,Arriaga,CHIS,916," $18,894.40 "," $21,801.23 "," $25,387.31 "," $26,783.61 "," $30,921.68 "," $35,059.75 "," $44,732.20 "," $52,025.43 "," $53,894.21 "
239,Bochil,CHIS,919," $18,950.68 "," $21,866.17 "," $25,466.56 "," $26,867.22 "," $30,805.10 "," $34,742.98 "," $44,019.40 "," $51,196.41 "," $53,035.42 "
240,Cd. del Carmen,CAMP,919," $19,288.79 "," $22,256.30 "," $25,762.32 "," $27,179.25 "," $30,308.45 "," $33,437.64 "," $41,112.95 "," $47,816.10 "," $49,533.68 "
241,Huatulco,OAX,932," $20,213.08 "," $23,322.78 "," $26,632.75 "," $28,097.56 "," $33,799.65 "," $39,501.73 "," $52,370.72 "," $60,909.35 "," $63,097.25 "
242,Villa Juarez,NL,938," $15,666.01 "," $18,076.17 "," $23,950.97 "," $25,268.27 "," $27,557.45 "," $29,846.63 "," $35,742.30 "," $41,569.80 "," $43,063.01 "
243,Cadereyta,NL,942," $15,728.85 "," $18,148.67 "," $24,053.44 "," $25,376.38 "," $27,670.13 "," $29,963.89 "," $35,874.34 "," $41,723.37 "," $43,222.10 "
244,Parras de la Fuente ,COAH,950," $19,879.57 "," $22,937.96 "," $26,707.13 "," $28,176.02 "," $29,777.66 "," $31,379.29 "," $36,051.46 "," $41,929.37 "," $43,435.49 "
245,China,NL,958," $15,542.31 "," $17,933.43 "," $23,826.53 "," $25,136.99 "," $27,245.24 "," $29,353.48 "," $34,880.43 "," $40,567.41 "," $42,024.62 "
246,Tenosique,TAB,963," $17,299.99 "," $19,961.53 "," $23,541.62 "," $24,836.41 "," $27,755.58 "," $30,674.75 "," $37,807.88 "," $43,972.15 "," $45,551.66 "
247,La Huerta ,JAL,970," $15,992.95 "," $18,453.40 "," $22,232.92 "," $23,455.73 "," $24,915.02 "," $26,374.31 "," $30,515.69 "," $35,491.04 "," $36,765.89 "
248,Las Rosas ,CHIS,970," $18,950.85 "," $21,866.36 "," $26,024.24 "," $27,455.57 "," $31,316.30 "," $35,177.02 "," $44,329.80 "," $51,557.43 "," $53,409.40 "
249,La Concordia ,CHIS,978," $19,091.66 "," $22,028.84 "," $26,231.55 "," $27,674.29 "," $31,759.78 "," $35,845.27 "," $45,458.98 "," $52,870.71 "," $54,769.86 "
250,Comitan,CHIS,979," $19,105.68 "," $22,045.02 "," $26,252.20 "," $27,696.07 "," $31,803.85 "," $35,911.63 "," $45,571.06 "," $53,001.07 "," $54,904.89 "
251,Cd. Lerdo,DGO,980," $18,651.74 "," $21,521.24 "," $24,921.21 "," $26,291.87 "," $28,208.23 "," $30,124.58 "," $35,327.96 "," $41,087.90 "," $42,563.80 "
252,Villa Union ,SIN,987," $17,245.30 "," $19,898.42 "," $23,803.71 "," $25,112.91 "," $27,894.34 "," $30,675.76 "," $37,547.81 "," $43,669.69 "," $45,238.33 "
253,Gomez Palacio,DGO,988," $18,643.61 "," $21,511.86 "," $24,908.08 "," $26,278.03 "," $28,259.40 "," $30,240.77 "," $35,573.45 "," $41,373.42 "," $42,859.58 "
254,El Salto ,DGO,995," $18,639.55 "," $21,507.17 "," $24,901.52 "," $26,271.10 "," $28,078.79 "," $29,886.48 "," $34,871.44 "," $40,556.95 "," $42,013.78 "
255,Torre�n,COAH,996," $20,505.06 "," $23,659.69 "," $27,064.35 "," $28,552.89 "," $30,074.14 "," $31,595.40 "," $36,126.46 "," $42,016.59 "," $43,525.85 "
256,Sabinas Hidalgo,NL,998," $16,203.03 "," $18,695.80 "," $24,115.96 "," $25,442.34 "," $27,797.56 "," $30,152.77 "," $36,189.58 "," $42,090.01 "," $43,601.91 "
257,Pijijiapan ,CHIS,1010," $19,459.16 "," $22,452.88 "," $26,891.97 "," $28,371.03 "," $32,407.02 "," $36,443.01 "," $45,994.05 "," $53,493.02 "," $55,414.51 "
258,Mazatlan,SIN,1012," $17,167.44 "," $19,808.58 "," $23,692.99 "," $24,996.10 "," $28,013.17 "," $31,030.24 "," $38,367.49 "," $44,623.01 "," $46,225.89 "
259,Francisco I. Madero,COAH,1015," $20,800.78 "," $24,000.90 "," $27,749.09 "," $29,275.29 "," $30,616.83 "," $31,958.38 "," $36,167.67 "," $42,064.53 "," $43,575.51 "
260,Monclova,COAH,1018," $20,839.23 "," $24,045.27 "," $27,811.57 "," $29,341.20 "," $30,685.35 "," $32,029.49 "," $36,247.41 "," $42,157.27 "," $43,671.58 "
261,Candelaria ,CAMP,1019," $20,867.17 "," $24,077.50 "," $27,580.82 "," $29,097.76 "," $32,166.96 "," $35,236.16 "," $42,891.49 "," $49,884.62 "," $51,676.50 "
262,Matamoros,COAH,1021," $21,635.02 "," $24,963.48 "," $27,824.04 "," $29,354.37 "," $30,700.14 "," $32,045.92 "," $36,267.79 "," $42,180.97 "," $43,696.13 "
263,Nuevo Ideal ,DGO,1023," $19,035.79 "," $21,964.37 "," $25,556.11 "," $26,961.70 "," $28,650.22 "," $30,338.73 "," $35,121.35 "," $40,847.61 "," $42,314.88 "
264,Matamoros,TAMPS,1033," $16,561.48 "," $19,109.40 "," $22,568.21 "," $23,809.46 "," $27,314.80 "," $30,820.15 "," $39,072.09 "," $45,442.48 "," $47,074.80 "
265,San Buenaventura,COAH,1041," $21,814.36 "," $25,170.41 "," $28,287.31 "," $29,843.11 "," $31,212.79 "," $32,582.47 "," $36,877.63 "," $42,890.23 "," $44,430.87 "
266,Escarcega ,CAMP,1052," $21,381.12 "," $24,670.52 "," $28,333.78 "," $29,892.14 "," $33,024.17 "," $36,156.19 "," $43,978.60 "," $51,148.97 "," $52,986.27 "
267,Mapastepec,CHIS,1053," $19,867.24 "," $22,923.74 "," $26,934.23 "," $28,415.61 "," $32,823.10 "," $37,230.58 "," $47,526.93 "," $55,275.82 "," $57,261.36 "
268,San Pedro de las Colinas,COAH,1063," $22,033.48 "," $25,423.25 "," $28,830.56 "," $30,416.24 "," $31,793.67 "," $33,171.10 "," $37,511.65 "," $43,627.63 "," $45,194.76 "
269,Champoton,CAMP,1068," $21,243.14 "," $24,511.32 "," $28,379.81 "," $29,940.70 "," $33,097.97 "," $36,255.24 "," $44,130.67 "," $51,325.84 "," $53,169.49 "
270,Santiago Papasquiaro,DGO,1076," $19,611.07 "," $22,628.16 "," $26,579.96 "," $28,041.86 "," $29,712.73 "," $31,383.59 "," $36,187.22 "," $42,087.27 "," $43,599.06 "
271,Frontera Comalapa ,CHIS,1085," $20,346.48 "," $23,476.71 "," $27,627.90 "," $29,147.44 "," $33,799.11 "," $38,450.79 "," $49,273.68 "," $57,307.37 "," $59,365.88 "
272,Cuatrocienegas,COAH,1100," $22,519.61 "," $25,984.17 "," $28,757.35 "," $30,339.01 "," $32,022.52 "," $33,706.03 "," $38,654.70 "," $44,957.05 "," $46,571.93 "
273,Huixtla,CHIS,1103," $20,667.00 "," $23,846.54 "," $28,092.37 "," $29,637.45 "," $34,340.13 "," $39,042.81 "," $49,993.25 "," $58,144.26 "," $60,232.83 "
274,Nuevo Laredo,TAMPS,1114," $17,013.65 "," $19,631.14 "," $23,602.86 "," $24,901.02 "," $28,350.39 "," $31,799.77 "," $39,996.68 "," $46,517.83 "," $48,188.78 "
275,Reynosa,TAMPS,1120," $17,099.54 "," $19,730.24 "," $24,147.25 "," $25,475.35 "," $28,820.78 "," $32,166.21 "," $40,185.17 "," $46,737.05 "," $48,415.87 "
276,Sabinas,COAH,1130," $22,858.06 "," $26,374.69 "," $29,253.89 "," $30,862.86 "," $32,636.01 "," $34,409.17 "," $39,564.44 "," $46,015.12 "," $47,668.00 "
277,San Juan Sabinas,COAH,1130," $22,853.57 "," $26,369.50 "," $29,246.44 "," $30,854.99 "," $32,627.70 "," $34,400.40 "," $39,554.36 "," $46,003.39 "," $47,655.86 "
278,Campeche,CAMP,1133," $22,231.76 "," $25,652.03 "," $29,794.57 "," $31,433.28 "," $34,349.66 "," $37,266.05 "," $44,737.52 "," $52,031.63 "," $53,900.63 "
279,Rio Bravo,TAMPS,1144," $17,145.86 "," $19,783.69 "," $24,191.98 "," $25,522.54 "," $28,929.93 "," $32,337.32 "," $40,482.67 "," $47,083.05 "," $48,774.30 "
280,Tapachula,CHIS,1145," $21,224.42 "," $24,489.72 "," $29,014.31 "," $30,610.10 "," $35,519.83 "," $40,429.56 "," $51,844.82 "," $60,297.71 "," $62,463.64 "
281,Motozintla ,CHIS,1157," $21,324.89 "," $24,605.64 "," $29,251.15 "," $30,859.96 "," $35,837.74 "," $40,815.52 "," $52,379.89 "," $60,920.02 "," $63,108.30 "
282,La Paz,BCS,1164," $41,001.62 "," $47,309.56 "," $52,832.96 "," $55,738.77 "," $61,197.36 "," $66,655.94 "," $80,478.93 "," $93,600.39 "," $96,962.57 "
283,Cacahoatan ,CHIS,1165," $20,540.65 "," $23,700.75 "," $29,216.80 "," $30,823.72 "," $35,836.77 "," $40,849.82 "," $52,482.84 "," $61,039.75 "," $63,232.33 "
284,Muzquiz,COAH,1178," $23,443.96 "," $27,050.72 "," $29,914.89 "," $31,560.21 "," $33,304.70 "," $35,049.19 "," $40,183.48 "," $46,735.08 "," $48,413.83 "
285,Cd. Hidalgo,CHIS,1182," $21,416.05 "," $24,710.83 "," $29,475.06 "," $31,096.19 "," $36,165.28 "," $41,234.37 "," $52,993.69 "," $61,633.89 "," $63,847.82 "
286,El Dorado ,SIN,1185," $19,785.71 "," $22,829.67 "," $24,682.32 "," $26,039.85 "," $29,959.97 "," $33,880.10 "," $43,077.89 "," $50,101.40 "," $51,901.07 "
287,Xpujil,CAMP,1206," $22,763.53 "," $26,265.61 "," $30,445.69 "," $32,120.21 "," $35,572.76 "," $39,025.32 "," $47,604.95 "," $55,366.57 "," $57,355.36 "
288,Allende,COAH,1207," $23,745.84 "," $27,399.05 "," $30,432.80 "," $32,106.61 "," $33,931.39 "," $35,756.17 "," $41,079.53 "," $47,777.23 "," $49,493.41 "
289,Jimenez,CHIH,1214," $19,508.38 "," $22,509.67 "," $27,990.13 "," $29,529.58 "," $32,290.94 "," $35,052.31 "," $42,114.49 "," $48,980.92 "," $50,740.35 "
290,Maxcanu,YUC,1224," $25,684.88 "," $29,636.40 "," $33,512.19 "," $35,355.36 "," $38,041.59 "," $40,727.82 "," $47,943.45 "," $55,760.25 "," $57,763.19 "
291,Culiacan,SIN,1225," $20,353.00 "," $23,484.23 "," $25,569.53 "," $26,975.86 "," $30,682.13 "," $34,388.39 "," $43,207.26 "," $50,251.86 "," $52,056.94 "
292,Navolato,SIN,1237," $20,516.40 "," $23,672.77 "," $27,182.10 "," $28,677.12 "," $31,909.41 "," $35,141.71 "," $43,101.32 "," $50,128.65 "," $51,929.30 "
293,Piedras Negras,COAH,1261," $24,480.60 "," $28,246.85 "," $31,530.42 "," $33,264.59 "," $34,960.11 "," $36,655.62 "," $41,780.82 "," $48,592.86 "," $50,338.34 "
294,Uman ,YUC,1271," $25,866.98 "," $29,846.51 "," $33,303.17 "," $35,134.84 "," $37,838.92 "," $40,543.00 "," $47,782.83 "," $55,573.45 "," $57,569.68 "
295,Muna ,YUC,1278," $26,265.86 "," $30,306.76 "," $33,911.01 "," $35,776.11 "," $38,421.85 "," $41,067.58 "," $48,224.16 "," $56,086.73 "," $58,101.39 "
296,Camargo,CHIH,1284," $20,262.91 "," $23,380.28 "," $28,324.03 "," $29,881.85 "," $32,992.87 "," $36,103.89 "," $43,883.75 "," $51,038.65 "," $52,871.98 "
297,Merida,YUC,1291," $26,163.96 "," $30,189.18 "," $33,527.56 "," $35,371.57 "," $38,298.63 "," $41,225.69 "," $48,923.82 "," $56,900.47 "," $58,944.36 "
298,Hidalgo del Parral,CHIH,1292," $20,381.36 "," $23,516.95 "," $28,518.97 "," $30,087.51 "," $33,206.40 "," $36,325.28 "," $44,131.60 "," $51,326.92 "," $53,170.61 "
299,Unucma ,YUC,1295," $26,221.40 "," $30,255.46 "," $33,609.30 "," $35,457.81 "," $38,615.50 "," $41,773.19 "," $49,937.09 "," $58,078.94 "," $60,165.17 "
300,Oxkutzcab ,YUC,1307," $26,716.55 "," $30,826.79 "," $33,041.95 "," $34,859.26 "," $38,936.28 "," $43,013.29 "," $52,984.63 "," $61,623.36 "," $63,836.90 "
301,Conkal ,YUC,1311," $27,642.36 "," $31,895.03 "," $34,129.25 "," $36,006.36 "," $39,811.76 "," $43,617.16 "," $53,105.07 "," $61,763.43 "," $63,982.01 "
302,Tixkokob,YUC,1312," $27,651.83 "," $31,905.96 "," $34,143.24 "," $36,021.12 "," $39,827.43 "," $43,633.74 "," $53,124.23 "," $61,785.72 "," $64,005.10 "
303,Acanceh,YUC,1312," $27,654.97 "," $31,909.58 "," $34,147.87 "," $36,026.00 "," $39,831.73 "," $43,637.45 "," $53,127.02 "," $61,788.97 "," $64,008.46 "
304,Cd. Acu�a,COAH,1315," $24,666.00 "," $28,460.77 "," $32,148.04 "," $33,916.18 "," $35,654.15 "," $37,392.11 "," $42,636.18 "," $49,587.68 "," $51,368.89 "
306,Cabo San Lucas,BCS,1323," $41,705.74 "," $48,122.01 "," $53,762.07 "," $56,718.99 "," $61,998.77 "," $67,278.55 "," $80,795.02 "," $93,968.02 "," $97,343.40 "
305,Teabo,YUC,1323," $27,105.31 "," $31,275.36 "," $34,515.29 "," $36,413.63 "," $40,375.44 "," $44,337.24 "," $54,159.19 "," $62,989.42 "," $65,252.04 "
307,Guamuchil,SIN,1325," $21,804.75 "," $25,159.33 "," $29,022.09 "," $30,618.30 "," $33,868.41 "," $37,118.52 "," $45,214.94 "," $52,586.89 "," $54,475.84 "
308,Chetumal,QROO,1325," $22,781.58 "," $26,286.44 "," $30,929.10 "," $32,630.20 "," $36,139.65 "," $39,649.10 "," $48,369.10 "," $56,255.30 "," $58,276.02 "
309,San Jose del Cabo,BCS,1348," $42,442.48 "," $48,972.09 "," $54,193.32 "," $57,173.95 "," $62,536.87 "," $67,899.79 "," $81,606.26 "," $94,911.52 "," $98,320.79 "
310,Delicias,CHIH,1349," $22,419.83 "," $25,869.04 "," $30,088.85 "," $31,743.74 "," $34,602.46 "," $37,461.17 "," $44,833.49 "," $52,143.24 "," $54,016.26 "
311,Tzucacab,YUC,1354," $27,332.72 "," $31,537.75 "," $34,140.86 "," $36,018.61 "," $40,106.20 "," $44,193.80 "," $54,246.73 "," $63,091.24 "," $65,357.51 "
312,Guasave,SIN,1355," $22,234.98 "," $25,655.75 "," $29,633.10 "," $31,262.92 "," $34,532.66 "," $37,802.40 "," $45,971.70 "," $53,467.03 "," $55,387.59 "
313,Cd Constitucion ,BCS,1374," $43,058.43 "," $49,682.80 "," $55,073.05 "," $58,102.07 "," $63,284.81 "," $68,467.56 "," $81,862.08 "," $95,209.05 "," $98,629.01 "
314,Buctzotz,YUC,1394," $27,475.10 "," $31,702.04 "," $34,041.20 "," $35,913.47 "," $40,162.79 "," $44,412.11 "," $54,783.02 "," $63,714.96 "," $66,003.63 "
315,Piste ,YUC,1410," $28,533.07 "," $32,922.77 "," $34,405.46 "," $36,297.76 "," $40,451.37 "," $44,604.97 "," $54,804.48 "," $63,739.93 "," $66,029.50 "
316,Los Mochis,SIN,1418," $23,073.74 "," $26,623.55 "," $31,015.48 "," $32,721.33 "," $36,076.19 "," $39,431.05 "," $47,846.62 "," $55,647.63 "," $57,646.53 "
317,Chihuahua,CHIH,1434," $23,274.44 "," $26,855.12 "," $31,747.04 "," $33,493.13 "," $36,649.09 "," $39,805.05 "," $47,863.05 "," $55,666.75 "," $57,666.33 "
318,Ahome,SIN,1446," $23,373.04 "," $26,968.89 "," $31,323.93 "," $33,046.75 "," $36,501.73 "," $39,956.72 "," $48,589.51 "," $56,511.64 "," $58,541.57 "
319,Valladolid,YUC,1458," $29,215.38 "," $33,710.05 "," $34,466.98 "," $36,362.66 "," $41,112.66 "," $45,862.65 "," $57,258.33 "," $66,593.85 "," $68,985.93 "
320,Tizimin,YUC,1463," $29,188.05 "," $33,678.52 "," $35,493.84 "," $37,446.00 "," $41,949.11 "," $46,452.22 "," $57,410.61 "," $66,770.95 "," $69,169.40 "
321,El Carrizo,SIN,1480," $23,355.21 "," $26,948.32 "," $31,527.37 "," $33,261.37 "," $36,912.16 "," $40,562.95 "," $49,598.53 "," $57,685.18 "," $59,757.26 "
322,Tulum ,QROO,1535," $25,029.23 "," $28,879.88 "," $33,700.44 "," $35,553.97 "," $39,034.08 "," $42,514.19 "," $51,327.94 "," $59,696.56 "," $61,840.89 "
323,Cd. Cuauhtemoc,CHIH,1538," $25,323.71 "," $29,219.67 "," $34,890.04 "," $36,808.99 "," $39,568.73 "," $42,328.46 "," $49,766.87 "," $57,880.97 "," $59,960.09 "
324,Navojoa,SON,1573," $23,745.47 "," $27,398.62 "," $33,197.59 "," $35,023.46 "," $38,071.03 "," $41,118.61 "," $49,039.64 "," $57,035.17 "," $59,083.90 "
325,Playa del Carmen ,QROO,1578," $25,668.46 "," $29,617.45 "," $34,137.27 "," $36,014.82 "," $39,619.89 "," $43,224.96 "," $52,312.64 "," $60,841.81 "," $63,027.28 "
326,Cancun,QROO,1604," $25,952.58 "," $29,945.28 "," $34,570.40 "," $36,471.77 "," $40,226.80 "," $43,981.83 "," $53,393.26 "," $62,098.61 "," $64,329.23 "
327,Cd Obregon,SON,1641," $24,622.43 "," $28,410.50 "," $34,276.99 "," $36,162.23 "," $39,493.17 "," $42,824.12 "," $51,371.24 "," $59,746.92 "," $61,893.06 "
328,Buenaventura,CHIH,1663," $26,852.19 "," $30,983.30 "," $35,688.79 "," $37,651.67 "," $40,532.50 "," $43,413.33 "," $51,137.87 "," $59,475.50 "," $61,611.89 "
329,Cozumel,QROO,1700," $28,540.45 "," $32,931.29 "," $37,616.68 "," $39,685.59 "," $43,082.69 "," $46,479.78 "," $55,342.89 "," $64,366.12 "," $66,678.18 "
330,Nuevo Casas Grandes,CHIH,1721," $27,175.87 "," $31,356.77 "," $36,286.68 "," $38,282.45 "," $41,257.27 "," $44,232.10 "," $52,177.52 "," $60,684.65 "," $62,864.48 "
331,Cd. Juarez,CHIH,1785," $28,807.64 "," $33,239.59 "," $37,259.23 "," $39,308.49 "," $42,033.28 "," $44,758.07 "," $52,256.90 "," $60,776.98 "," $62,960.13 "
332,Asencion,CHIH,1813," $30,815.59 "," $35,556.45 "," $39,074.37 "," $41,223.46 "," $43,544.44 "," $45,865.41 "," $52,656.44 "," $61,241.66 "," $63,441.49 "
333,Hermosillo,SON,1890," $26,767.21 "," $30,885.24 "," $36,041.86 "," $38,024.16 "," $42,711.74 "," $47,399.32 "," $58,756.79 "," $68,336.62 "," $70,791.31 "
334,Miguel Aleman,SON,1900," $26,758.22 "," $30,874.87 "," $36,019.91 "," $38,001.00 "," $42,758.36 "," $47,515.71 "," $59,011.51 "," $68,632.87 "," $71,098.20 "
335,Ures ,SON,1967," $27,248.75 "," $31,440.86 "," $37,098.91 "," $39,139.35 "," $44,045.19 "," $48,951.03 "," $60,803.14 "," $70,716.62 "," $73,256.80 "
336,Imuris ,SON,2104," $30,140.85 "," $34,777.90 "," $40,267.21 "," $42,481.91 "," $46,877.52 "," $51,273.14 "," $62,279.06 "," $72,433.18 "," $75,035.02 "
337,Caborca,SON,2166," $30,784.33 "," $35,520.38 "," $40,376.44 "," $42,597.14 "," $47,050.27 "," $51,503.39 "," $62,630.35 "," $72,841.73 "," $75,458.25 "
338,Nogales,SON,2169," $30,794.29 "," $35,531.87 "," $41,419.18 "," $43,697.23 "," $47,989.86 "," $52,282.50 "," $63,145.82 "," $73,441.25 "," $76,079.30 "
339,Puerto Pe�asco,SON,2342," $31,794.20 "," $36,685.62 "," $42,433.22 "," $44,767.05 "," $49,681.33 "," $54,595.60 "," $66,757.98 "," $77,642.34 "," $80,431.30 "
340,San Luis Rio Colorado,SON,2518," $33,059.24 "," $38,145.28 "," $43,247.36 "," $45,625.96 "," $51,195.72 "," $56,765.48 "," $70,283.61 "," $81,742.81 "," $84,679.05 "
341,Mexicali,BCN,2584," $41,135.07 "," $47,463.54 "," $50,944.36 "," $53,746.30 "," $61,509.71 "," $69,273.12 "," $87,601.87 "," $101,884.67 "," $105,544.43 "
342,Tijuana,BCN,2754," $43,140.64 "," $49,777.66 "," $54,219.26 "," $57,201.31 "," $64,197.06 "," $71,192.80 "," $88,166.34 "," $102,541.17 "," $106,224.51 "
343,Ensenada,BCN,2849," $44,233.96 "," $51,039.19 "," $54,977.93 "," $58,001.72 "," $64,960.17 "," $71,918.61 "," $88,859.29 "," $103,347.11 "," $107,059.39 "
,,,,,,,,,,,, $35.27 
,,,,,,,,,,,, $38.57 
,,,,,,,,,,,, $114.95 
